Product Name, Product Code, Expected, Counted
lychee,38314290,102,90
mango,72782608,1932,1000
Mouse,63920719,72.5,55
Earphone,85415108,72,55
Baby doll,31261512,56,50
potato,212132,61,7
iphone-X,97103461,14,66
Galaxy S9,72100265,15,45
Shoe,90471412,14,3
Polo Shirt,53467102,13,3
Toothpaste,8.59875E+11,10,4
tissue,8.94116E+12,10,3
