Product Name, Product Code, Expected, Counted
Mouse,63920719,135.5,135.5
mango,72782608,1380,1370
Earphone,85415108,104,104
Baby doll,31261512,88,80
lychee,38314290,121,121
potato,212132,50,50
iphone-X,97103461,24,24
Galaxy S9,72100265,14,141
Shoe,90471412,14,14
Polo Shirt,53467102,15,15
Toothpaste,8.59875E+11,10,10
tissue,8.94116E+12,16,16
