Product Name, Product Code, Expected, Counted
Mouse,63920719,135.5,12
mango,72782608,1380,12
Earphone,85415108,104,12
Baby doll,31261512,88,12
lychee,38314290,121,12
potato,212132,50,12
iphone-X,97103461,24,12
Galaxy S9,72100265,14,12
Shoe,90471412,14,12
Polo Shirt,53467102,15,12
Toothpaste,8.59875E+11,10,12
tissue,8.94116E+12,16,12
